slug,provider,offer,actionButtons,chain,technology,txSpeedSla,throughputSla,openSource,support,supportedChains,starred,availableApis,monitoringAndAnalytics,additionalFeatures,assetTypes,price,economicalSecurity,economicalSecurityNote,auditsPerformed,decentralizationModel,sdk,tag
axelar,,!offer:axelar,,mainnet,,,,,,,,,,,,,,,,,,
debridge,,!offer:debridge,,mainnet,,,,,,,,,,,,,,,,,,
hyperlane,,!offer:hyperlane,,mainnet,,,,,,,,,,,,,,,,,,
interport,,!offer:interport,,mainnet,,,,,,,,,,,,,,,,,,
jumper,,!offer:jumper,,mainnet,,,,,,,,,,,,,,,,,,
layerswap,,!offer:layerswap,,mainnet,,,,,,,,,,,,,,,,,,
meson,,!offer:meson,,mainnet,,,,,,,,,,,,,,,,,,
okutrade,,!offer:okutrade,,mainnet,,,,,,,,,,,,,,,,,,
smolrefuel,,!offer:smolrefuel,,mainnet,,,,,,,,,,,,,,,,,,
squid,,!offer:squid,,mainnet,,,,,,,,,,,,,,,,,,
stargate,,!offer:stargate,,mainnet,,,,,,,,,,,,,,,,,,
transporter,,!offer:transporter,,mainnet,,,,,,,,,,,,,,,,,,
