slug,provider,offer,actionButtons,tag,description,planType,planName,price,trial,starred,toolType,deliveryType,executionEnvironment,coverage,compliance
blocksec-phalcon,,!offer:blocksec-phalcon,,,,,,,,,,,,,
cyvers,,!offer:cyvers,,,,,,,,,,,,,
echidna,,!offer:echidna,,,,,,,,,,,,,
ercx-enteprise,,!offer:ercx-enteprise,,,,,,,,,,,,,
ercx-free,,!offer:ercx-free,,,,,,,,,,,,,
ercx-standard,,!offer:ercx-standard,,,,,,,,,,,,,
failsafe,,!offer:failsafe,,,,,,,,,,,,,
goplus-beginner,,!offer:goplus-beginner,,,,,,,,,,,,,
goplus-free,,!offer:goplus-free,,,,,,,,,,,,,
goplus-growth,,!offer:goplus-growth,,,,,,,,,,,,,
goplus-pro,,!offer:goplus-pro,,,,,,,,,,,,,
goplus-test,,!offer:goplus-test,,,,,,,,,,,,,
goplus-ultra,,!offer:goplus-ultra,,,,,,,,,,,,,
openzeppelin-audits,,!offer:openzeppelin-audits,,,,,,,,,,,,,
safe,,!offer:safe,,,,,,,,,,,,,
scam-sniffer-standard,,!offer:scam-sniffer-standard,,,,,,,,,,,,,
scam-sniffer-startup,,!offer:scam-sniffer-startup,,,,,,,,,,,,,
solidityscan-on-demand,,!offer:solidityscan-on-demand,,,,,,,,,,,,,
solidityscan-pro,,!offer:solidityscan-pro,,,,,,,,,,,,,
solidityscan-starter,,!offer:solidityscan-starter,,,,,,,,,,,,,
ziion-linux-distro,,!offer:ziion-linux-distro,,,,,,,,,,,,,
