slug,provider,offer,actionButtons,toolType,tag,price,planName,planType,description,starred
aa-bundler,,!offer:aa-bundler,,,,,,,,
aarc,,!offer:aarc,,,,,,,,
abi-parser,,!offer:abi-parser,,,,,,,,
agent-kit,,!offer:agent-kit,,,,,,,,
arka-developer,,!offer:arka-developer,,,,,,,,
arka-free,,!offer:arka-free,,,,,,,,
arka-scale,,!offer:arka-scale,,,,,,,,
arka-startup,,!offer:arka-startup,,,,,,,,
bitbond-token-tool-pay-as-you-go,,!offer:bitbond-token-tool-pay-as-you-go,,,,,,,,
build-bear-developer,,!offer:build-bear-developer,,,,,,,,
build-bear-explorer,,!offer:build-bear-explorer,,,,,,,,
build-bear-team,,!offer:build-bear-team,,,,,,,,
chainlink-ccip,,!offer:chainlink-ccip,,,,,,,,
chainlist,,!offer:chainlist,,,,,,,,
coinflow,,!offer:coinflow,,,,,,,,
crossmint-free,,!offer:crossmint-free,,,,,,,,
curvegrid-free,,!offer:curvegrid-free,,,,,,,,
evm-toolkit,,!offer:evm-toolkit,,,,,,,,
evmdis,,!offer:evmdis,,,,,,,,
forge,,!offer:forge,,,,,,,,
multicall3,,!offer:multicall3,,,,,,,,
remix,,!offer:remix,,,,,,,,
reown-free,,!offer:reown-free,,,,,,,,
reown-pro,,!offer:reown-pro,,,,,,,,
robot-framework-solidity-testing-toolkit,,!offer:robot-framework-solidity-testing-toolkit,,,,,,,,
stackup-free,,!offer:stackup-free,,,,,,,,
stackup-pro,,!offer:stackup-pro,,,,,,,,
zero-dev-developer,,!offer:zero-dev-developer,,,,,,,,
zero-dev-growth,,!offer:zero-dev-growth,,,,,,,,
zero-dev-scale,,!offer:zero-dev-scale,,,,,,,,
