slug,provider,offer,actionButtons,toolType,tag,price,planType,planName,description,starred
alchemy-bundler-enterprise,,!offer:alchemy-bundler-enterprise,,,,,,,,
alchemy-gas-manager-enterprise,,!offer:alchemy-gas-manager-enterprise,,,,,,,,
alchemy-smart-wallet-enterprise,,!offer:alchemy-smart-wallet-enterprise,,,,,,,,
alchemy-transaction-enterprise,,!offer:alchemy-transaction-enterprise,,,,,,,,
arka-enterprise,,!offer:arka-enterprise,,,,,,,,
bitbond-token-tool-enterprise,,!offer:bitbond-token-tool-enterprise,,,,,,,,
bitgo,,!offer:bitgo,,,,,,,,
blocknative-batch-decoder,,!offer:blocknative-batch-decoder,,,,,,,,
bonadocs,,!offer:bonadocs,,,,,,,,
bonadocs-docgen,,!offer:bonadocs-docgen,,,,,,,,
brand-extender,,!offer:brand-extender,,,,,,,,
build-bear-enterprise,,!offer:build-bear-enterprise,,,,,,,,
cannon,,!offer:cannon,,,,,,,,
coingate-enterprise,,!offer:coingate-enterprise,,,,,,,,
coinsdo,,!offer:coinsdo,,,,,,,,
crossmint-enterprise,,!offer:crossmint-enterprise,,,,,,,,
curvegrid-enterprise,,!offer:curvegrid-enterprise,,,,,,,,
dapprovals-enterprise,,!offer:dapprovals-enterprise,,,,,,,,
datacurve-enterprise,,!offer:datacurve-enterprise,,,,,,,,
decubate-tms,,!offer:decubate-tms,,,,,,,,
flexa,,!offer:flexa,,,,,,,,
laika-ai,,!offer:laika-ai,,,,,,,,
mosaia-enterprise,,!offer:mosaia-enterprise,,,,,,,,
multisender,,!offer:multisender,,,,,,,,
onmeta,,!offer:onmeta,,,,,,,,
paymaster,,!offer:paymaster,,,,,,,,
rarible,,!offer:rarible,,,,,,,,
reown-enterprise,,!offer:reown-enterprise,,,,,,,,
rollup-codes,,!offer:rollup-codes,,,,,,,,
sign-protocol,,!offer:sign-protocol,,,,,,,,
smartmuv,,!offer:smartmuv,,,,,,,,
sprintcheckout,,!offer:sprintcheckout,,,,,,,,
stackup-enterprise,,!offer:stackup-enterprise,,,,,,,,
sublime-ethereum,,!offer:sublime-ethereum,,,,,,,,
swaps,,!offer:swaps,,,,,,,,
tally,,!offer:tally,,,,,,,,
tenderly-sandbox,,!offer:tenderly-sandbox,,,,,,,,
thirdweb-aa,,!offer:thirdweb-aa,,,,,,,,
thirdweb-pay,,!offer:thirdweb-pay,,,,,,,,
univoucher,,!offer:univoucher,,,,,,,,
zero-dev-enterprise,,!offer:zero-dev-enterprise,,,,,,,,
