slug,provider,offer,actionButtons,chain,txSpeedSla,throughputSla,technology,openSource,support,starred,availableApis,monitoringAndAnalytics,additionalFeatures,assetTypes,price,economicalSecurity,economicalSecurityNote,auditsPerformed,decentralizationModel,sdk,supportedChains,tag
across,,!offer:across,,mainnet,,,,,,,,,,,,,,,,,,
allbridge-core,,!offer:allbridge-core,,mainnet,,,,,,,,,,,,,,,,,,
alldomains-bridge,,!offer:alldomains-bridge,,mainnet,,,,,,,,,,,,,,,,,,
asterizm,,!offer:asterizm,,mainnet,,,,,,,,,,,,,,,,,,
axelar,,!offer:axelar,,mainnet,,,,,,,,,,,,,,,,,,
chainlink-bridge,,!offer:chainlink-bridge,,mainnet,,,,,,,,,,,,,,,,,,
debridge,,!offer:debridge,,mainnet,,,,,,,,,,,,,,,,,,
defiway-bridge,,!offer:defiway-bridge,,mainnet,,,,,,,,,,,,,,,,,,
garden,,!offer:garden,,mainnet,,,,,,,,,,,,,,,,,,
hyperlane,,!offer:hyperlane,,mainnet,,,,,,,,,,,,,,,,,,
interport,,!offer:interport,,mainnet,,,,,,,,,,,,,,,,,,
jumper,,!offer:jumper,,mainnet,,,,,,,,,,,,,,,,,,
layerswap,,!offer:layerswap,,mainnet,,,,,,,,,,,,,,,,,,
mayan,,!offer:mayan,,mainnet,,,,,,,,,,,,,,,,,,
meson,,!offer:meson,,mainnet,,,,,,,,,,,,,,,,,,
orbiter,,!offer:orbiter,,mainnet,,,,,,,,,,,,,,,,,,
owlto,,!offer:owlto,,mainnet,,,,,,,,,,,,,,,,,,
pancakeswap-bridge,,!offer:pancakeswap-bridge,,mainnet,,,,,,,,,,,,,,,,,,
rango,,!offer:rango,,mainnet,,,,,,,,,,,,,,,,,,
relay,,!offer:relay,,mainnet,,,,,,,,,,,,,,,,,,
routerprotocol,,!offer:routerprotocol,,mainnet,,,,,,,,,,,,,,,,,,
rubic,,!offer:rubic,,mainnet,,,,,,,,,,,,,,,,,,
smolrefuel,,!offer:smolrefuel,,mainnet,,,,,,,,,,,,,,,,,,
squid,,!offer:squid,,mainnet,,,,,,,,,,,,,,,,,,
stargate,,!offer:stargate,,mainnet,,,,,,,,,,,,,,,,,,
starkware,,!offer:starkware,,mainnet,,,,,,,,,,,,,,,,,,
symbiosis,,!offer:symbiosis,,mainnet,,,,,,,,,,,,,,,,,,
transporter,,!offer:transporter,,mainnet,,,,,,,,,,,,,,,,,,
universalx,,!offer:universalx,,mainnet,,,,,,,,,,,,,,,,,,
valuerouter,,!offer:valuerouter,,mainnet,,,,,,,,,,,,,,,,,,
veda,,!offer:veda,,mainnet,,,,,,,,,,,,,,,,,,
wanchain,,!offer:wanchain,,mainnet,,,,,,,,,,,,,,,,,,
wormhole,,!offer:wormhole,,mainnet,,,,,,,,,,,,,,,,,,
