slug,provider,offer,actionButtons,openSource,supportedPlatforms,custodial,mfa,msig,hardware,keyExport,native,evm,tendermint,tokensSupport,staking,price,support,audit,languages,starred,tag
1inch,,!offer:1inch,,,,,,,,,,,,,,,,,,,
ascoin-wallet,,!offer:ascoin-wallet,,,,,,,,,,,,,,,,,,,
atomic-wallet,,!offer:atomic-wallet,,,,,,,,,,,,,,,,,,,
backpack,,!offer:backpack,,,,,,,,,,,,,,,,,,,
base-wallet,,!offer:base-wallet,,,,,,,,,,,,,,,,,,,
binance-wallet,,!offer:binance-wallet,,,,,,,,,,,,,,,,,,,
brave-wallet,,!offer:brave-wallet,,,,,,,,,,,,,,,,,,,
bybit-wallet,,!offer:bybit-wallet,,,,,,,,,,,,,,,,,,,
clave-wallet,,!offer:clave-wallet,,,,,,,,,,,,,,,,,,,
coin-wallet,,!offer:coin-wallet,,,,,,,,,,,,,,,,,,,
coinomi-wallet,,!offer:coinomi-wallet,,,,,,,,,,,,,,,,,,,
coolwallet,,!offer:coolwallet,,,,,,,,,,,,,,,,,,,
ctrl-wallet,,!offer:ctrl-wallet,,,,,,,,,,,,,,,,,,,
cwallet,,!offer:cwallet,,,,,,,,,,,,,,,,,,,
cypherock-x1,,!offer:cypherock-x1,,,,,,,,,,,,,,,,,,,
dcent,,!offer:dcent,,,,,,,,,,,,,,,,,,,
ecoin-wallet,,!offer:ecoin-wallet,,,,,,,,,,,,,,,,,,,
exodus,,!offer:exodus,,,,,,,,,,,,,,,,,,,
frontier,,!offer:frontier,,,,,,,,,,,,,,,,,,,
fxwallet,,!offer:fxwallet,,,,,,,,,,,,,,,,,,,
gate,,!offer:gate,,,,,,,,,,,,,,,,,,,
gem-wallet,,!offer:gem-wallet,,,,,,,,,,,,,,,,,,,
guarda,,!offer:guarda,,,,,,,,,,,,,,,,,,,
haha-wallet,,!offer:haha-wallet,,,,,,,,,,,,,,,,,,,
holdstation,,!offer:holdstation,,,,,,,,,,,,,,,,,,,
iron-wallet,,!offer:iron-wallet,,,,,,,,,,,,,,,,,,,
keystone-3-pro,,!offer:keystone-3-pro,,,,,,,,,,,,,,,,,,,
kryptogo-wallet,,!offer:kryptogo-wallet,,,,,,,,,,,,,,,,,,,
kuma-wallet,,!offer:kuma-wallet,,,,,,,,,,,,,,,,,,,
ledger,,!offer:ledger,,,,,,,,,,,,,,,,,,,
math-wallet,,!offer:math-wallet,,,,,,,,,,,,,,,,,,,
metamask,,!offer:metamask,,,,,,,,,,,,,,,,,,,
nufi-wallet,,!offer:nufi-wallet,,,,,,,,,,,,,,,,,,,
okxwallet,,!offer:okxwallet,,,,,,,,,,,,,,,,,,,
onekey,,!offer:onekey,,,,,,,,,,,,,,,,,,,
ownbit,,!offer:ownbit,,,,,,,,,,,,,,,,,,,
phantom,,!offer:phantom,,,,,,,,,,,,,,,,,,,
pillar,,!offer:pillar,,,,,,,,,,,,,,,,,,,
saakuru-wallet,,!offer:saakuru-wallet,,,,,,,,,,,,,,,,,,,
safepal,,!offer:safepal,,,,,,,,,,,,,,,,,,,
solflare,,!offer:solflare,,,,,,,,,,,,,,,,,,,
taho,,!offer:taho,,,,,,,,,,,,,,,,,,,
talisman,,!offer:talisman,,,,,,,,,,,,,,,,,,,
tangem,,!offer:tangem,,,,,,,,,,,,,,,,,,,
tokenpocket,,!offer:tokenpocket,,,,,,,,,,,,,,,,,,,
trezor,,!offer:trezor,,,,,,,,,,,,,,,,,,,
unstoppable,,!offer:unstoppable,,,,,,,,,,,,,,,,,,,
walletverse,,!offer:walletverse,,,,,,,,,,,,,,,,,,,
wigwam,,!offer:wigwam,,,,,,,,,,,,,,,,,,,
zengo,,!offer:zengo,,,,,,,,,,,,,,,,,,,
zengo-pro,,!offer:zengo-pro,,,,,,,,,,,,,,,,,,,
zerion,,!offer:zerion,,,,,,,,,,,,,,,,,,,
zypto,,!offer:zypto,,,,,,,,,,,,,,,,,,,
