slug,provider,offer,actionButtons,chain,technology,txSpeedSla,throughputSla,openSource,support,starred,availableApis,monitoringAndAnalytics,additionalFeatures,assetTypes,price,economicalSecurity,economicalSecurityNote,auditsPerformed,decentralizationModel,sdk,supportedChains,tag
across-mainnet,,!offer:across,,mainnet,,,,,,,,,,,,,,,,,,
crosscurve-mainnet,,!offer:crosscurve,,mainnet,,,,,,,,,,,,,,,,,,
ecoportal-mainnet,,!offer:ecoportal,,mainnet,,,,,,,,,,,,,,,,,,
hyperlane-mainnet,,!offer:hyperlane,,mainnet,,,,,,,,,,,,,,,,,,
interport-mainnet,,!offer:interport,,mainnet,,,,,,,,,,,,,,,,,,
jumper-mainnet,,!offer:jumper,,mainnet,,,,,,,,,,,,,,,,,,
layerswap-mainnet,,!offer:layerswap,,mainnet,,,,,,,,,,,,,,,,,,
meson-mainnet,,!offer:meson,,mainnet,,,,,,,,,,,,,,,,,,
orbiter-mainnet,,!offer:orbiter,,mainnet,,,,,,,,,,,,,,,,,,
owlto-mainnet,,!offer:owlto,,mainnet,,,,,,,,,,,,,,,,,,
rhinofi-mainnet,,!offer:rhinofi,,mainnet,,,,,,,,,,,,,,,,,,
smolrefuel-mainnet,,!offer:smolrefuel,,mainnet,,,,,,,,,,,,,,,,,,
stargate-mainnet,,!offer:stargate,,mainnet,,,,,,,,,,,,,,,,,,
superbridge-mainnet,,!offer:superbridge,,mainnet,,,,,,,,,,,,,,,,,,
wormhole-mainnet,,!offer:wormhole,,mainnet,,,,,,,,,,,,,,,,,,
